C-0-1.jpg,1
C-0-2.jpg,3
C-1-1.jpg,1
C-1-2.jpg,0
C-1-3.jpg,3
C-10-1.jpg,1
C-10-2.jpg,0
C-10-3.jpg,3
C-10-4.jpg,1
C-10-5.jpg,3
C-11-1.jpg,1
C-11-2.jpg,1
C-11-3.jpg,2
C-11-4.jpg,3
C-11-5.jpg,3
C-12-1.jpg,1
C-12-2.jpg,1
C-12-3.jpg,1
C-12-4.jpg,3
C-12-5.jpg,3
C-13-1.jpg,1
C-13-2.jpg,3
C-13-3.jpg,3
C-13-4.jpg,3
C-13-5.jpg,3
C-14-1.jpg,1
C-14-2.jpg,3
C-14-3.jpg,3
C-14-4.jpg,3
C-14-5.jpg,2
C-15-1.jpg,1
C-15-2.jpg,1
C-15-3.jpg,1
C-15-4.jpg,3
C-15-5.jpg,3
C-15-6.jpg,3
C-16-1.jpg,1
C-16-2.jpg,1
C-16-3.jpg,0
C-16-4.jpg,3
C-16-5.jpg,3
C-17-1.jpg,1
C-17-2.jpg,1
C-17-3.jpg,3
C-17-4.jpg,3
C-17-5.jpg,0
C-18-1.jpg,1
C-18-2.jpg,3
C-18-3.jpg,3
C-18-4.jpg,3
C-18-5.jpg,3
C-19-1.jpg,3
C-19-2.jpg,3
C-2-1.jpg,3
C-2-2.jpg,2
C-2-3.jpg,1
C-2-4.jpg,1
C-20-1.jpg,1
C-20-2.jpg,3
C-20-3.jpg,3
C-20-4.jpg,3
C-20-5.jpg,3
C-21-1.jpg,1
C-21-2.jpg,1
C-21-3.jpg,3
C-21-4.jpg,3
C-21-5.jpg,3
C-21-6.jpg,2
C-22-1.jpg,1
C-22-2.jpg,3
C-22-3.jpg,3
C-23-1.jpg,1
C-23-2.jpg,2
C-23-3.jpg,2
C-23-4.jpg,2
C-24-1.jpg,1
C-24-2.jpg,0
C-24-3.jpg,3
C-24-4.jpg,3
C-24-5.jpg,3
C-25-1.jpg,1
C-25-2.jpg,3
C-25-3.jpg,3
C-25-4.jpg,2
C-26-1.jpg,1
C-26-2.jpg,1
C-26-3.jpg,1
C-26-4.jpg,1
C-26-5.jpg,2
C-26-6.jpg,2
C-27-1.jpg,1
C-27-2.jpg,3
C-27-3.jpg,3
C-27-4.jpg,3
C-27-5.jpg,3
C-28-1.jpg,1
C-28-2.jpg,1
C-28-3.jpg,3
C-28-4.jpg,2
C-28-5.jpg,2
C-29-1.jpg,1
C-29-2.jpg,3
C-29-3.jpg,3
C-29-4.jpg,2
C-29-5.jpg,2
C-29-6.jpg,0
C-3-1.jpg,2
C-3-2.jpg,3
C-3-3.jpg,2
C-3-4.jpg,2
C-30-1.jpg,1
C-30-2.jpg,3
C-30-3.jpg,3
C-30-4.jpg,2
C-30-5.jpg,0
C-30-6.jpg,0
C-31-1.jpg,3
C-31-2.jpg,3
C-31-3.jpg,3
C-31-4.jpg,1
C-31-5.jpg,1
C-32-1.jpg,1
C-32-2.jpg,1
C-32-3.jpg,0
C-32-4.jpg,3
C-32-5.jpg,2
C-33-1.jpg,1
C-33-2.jpg,1
C-33-3.jpg,3
C-34-1.jpg,3
C-34-2.jpg,3
C-34-3.jpg,1
C-34-4.jpg,1
C-34-5.jpg,1
C-34-6.jpg,1
C-35-1.jpg,3
C-35-2.jpg,3
C-35-3.jpg,3
C-35-4.jpg,1
C-35-5.jpg,1
C-36-1.jpg,1
C-36-2.jpg,3
C-36-3.jpg,3
C-36-4.jpg,3
C-36-5.jpg,3
C-37-1.jpg,3
C-37-2.jpg,3
C-37-3.jpg,3
C-37-4.jpg,1
C-37-5.jpg,0
C-38-1.jpg,0
C-38-2.jpg,2
C-38-3.jpg,2
C-38-4.jpg,2
C-39-1.jpg,2
C-39-2.jpg,1
C-39-3.jpg,1
C-39-4.jpg,1
C-39-5.jpg,3
C-4-1.jpg,1
C-4-2.jpg,1
C-4-3.jpg,1
C-4-4.jpg,3
C-40-1.jpg,2
C-40-2.jpg,2
C-40-3.jpg,3
C-40-4.jpg,1
C-40-5.jpg,1
C-41-1.jpg,1
C-41-2.jpg,1
C-41-3.jpg,1
C-41-4.jpg,0
C-41-5.jpg,3
C-41-6.jpg,3
C-41-7.jpg,3
C-41-8.jpg,3
C-42-1.jpg,1
C-42-2.jpg,3
C-43-1.jpg,3
C-43-2.jpg,3
C-43-3.jpg,3
C-43-4.jpg,1
C-43-5.jpg,1
C-44-1.jpg,1
C-44-2.jpg,1
C-44-3.jpg,0
C-44-4.jpg,3
C-44-5.jpg,3
C-45-1.jpg,1
C-46-1.jpg,1
C-46-2.jpg,1
C-46-3.jpg,2
C-46-4.jpg,2
C-47-1.jpg,3
C-47-2.jpg,3
C-47-3.jpg,3
C-47-4.jpg,3
C-47-5.jpg,3
C-47-6.jpg,1
C-47-7.jpg,1
C-48-1.jpg,1
C-48-2.jpg,3
C-48-3.jpg,3
C-48-4.jpg,3
C-49-1.jpg,1
C-49-2.jpg,2
C-49-3.jpg,2
C-49-4.jpg,3
C-49-5.jpg,3
C-5-1.jpg,1
C-5-2.jpg,2
C-5-3.jpg,3
C-5-4.jpg,3
C-5-5.jpg,3
C-5-6.jpg,3
C-50-1.jpg,1
C-50-2.jpg,1
C-50-3.jpg,3
C-50-4.jpg,3
C-51-1.jpg,3
C-51-2.jpg,3
C-51-3.jpg,3
C-51-4.jpg,3
C-51-5.jpg,1
C-51-6.jpg,1
C-51-7.jpg,2
C-52-1.jpg,3
C-52-2.jpg,1
C-53-1.jpg,1
C-53-2.jpg,3
C-53-3.jpg,2
C-53-4.jpg,2
C-54-1.jpg,2
C-54-2.jpg,1
C-54-3.jpg,3
C-54-4.jpg,3
C-54-5.jpg,3
C-54-6.jpg,3
C-55-1.jpg,3
C-55-2.jpg,3
C-55-3.jpg,3
C-55-4.jpg,3
C-55-5.jpg,3
C-55-6.jpg,1
C-56-1.jpg,1
C-56-2.jpg,1
C-56-3.jpg,1
C-56-4.jpg,2
C-56-5.jpg,2
C-57-1.jpg,1
C-57-2.jpg,1
C-57-3.jpg,1
C-57-4.jpg,2
C-58-1.jpg,3
C-58-2.jpg,3
C-58-3.jpg,3
C-58-4.jpg,1
C-59-1.jpg,1
C-59-2.jpg,2
C-59-3.jpg,2
C-59-4.jpg,2
C-6-1.jpg,0
C-6-2.jpg,0
C-6-3.jpg,2
C-60-1.jpg,1
C-60-2.jpg,1
C-60-3.jpg,1
C-61-1.jpg,1
C-61-2.jpg,1
C-61-3.jpg,3
C-62-1.jpg,3
C-62-2.jpg,3
C-62-3.jpg,3
C-62-4.jpg,1
C-63-1.jpg,1
C-63-2.jpg,1
C-63-3.jpg,1
C-63-4.jpg,1
C-63-5.jpg,3
C-63-6.jpg,3
C-64-1.jpg,1
C-64-2.jpg,1
C-64-3.jpg,1
C-65-1.jpg,1
C-65-2.jpg,3
C-65-3.jpg,2
C-65-4.jpg,2
C-66-1.jpg,1
C-66-2.jpg,1
C-66-3.jpg,1
C-67-1.jpg,1
C-67-2.jpg,3
C-67-3.jpg,3
C-68-1.jpg,3
C-68-2.jpg,3
C-68-3.jpg,3
C-68-4.jpg,3
C-68-5.jpg,3
C-68-6.jpg,3
C-68-7.jpg,1
C-69-1.jpg,1
C-69-2.jpg,2
C-69-3.jpg,3
C-7-1.jpg,3
C-7-2.jpg,2
C-7-3.jpg,3
C-7-4.jpg,2
C-7-5.jpg,2
C-7-6.jpg,3
C-7-7.jpg,3
C-7-8.jpg,3
C-70-1.jpg,1
C-70-2.jpg,3
C-71-1.jpg,1
C-71-2.jpg,1
C-72-1.jpg,1
C-72-2.jpg,1
C-72-3.jpg,1
C-72-4.jpg,1
C-72-5.jpg,2
C-72-6.jpg,3
C-73-1.jpg,1
C-73-2.jpg,1
C-74-1.jpg,1
C-74-2.jpg,1
C-74-3.jpg,3
C-74-4.jpg,3
C-74-5.jpg,2
C-75-1.jpg,3
C-75-2.jpg,3
C-75-3.jpg,3
C-75-4.jpg,3
C-75-5.jpg,3
C-75-6.jpg,2
C-76-1.jpg,3
C-76-2.jpg,1
C-76-3.jpg,1
C-77-1.jpg,1
C-77-2.jpg,1
C-77-3.jpg,3
C-77-4.jpg,3
C-78-1.jpg,1
C-78-2.jpg,1
C-78-3.jpg,1
C-78-4.jpg,3
C-78-5.jpg,3
C-79-1.jpg,3
C-79-2.jpg,3
C-79-3.jpg,3
C-79-4.jpg,3
C-79-5.jpg,3
C-79-6.jpg,2
C-79-7.jpg,2
C-79-8.jpg,2
C-8-1.jpg,3
C-8-2.jpg,1
C-8-3.jpg,3
C-8-4.jpg,3
C-80-1.jpg,3
C-80-2.jpg,3
C-80-3.jpg,3
C-80-4.jpg,1
C-81-1.jpg,1
C-81-2.jpg,1
C-81-3.jpg,1
C-81-4.jpg,3
C-82-1.jpg,1
C-82-2.jpg,1
C-82-3.jpg,1
C-82-4.jpg,1
C-82-5.jpg,3
C-82-6.jpg,3
C-82-7.jpg,3
C-83-1.jpg,3
C-83-2.jpg,3
C-83-3.jpg,3
C-83-4.jpg,1
C-83-5.jpg,2
C-83-6.jpg,2
C-84-1.jpg,3
C-84-2.jpg,3
C-84-3.jpg,1
C-85-1.jpg,1
C-85-2.jpg,3
C-85-3.jpg,3
C-86-1.jpg,2
C-86-2.jpg,1
C-9-1.jpg,1
C-9-2.jpg,1
C-9-3.jpg,3
C-9-4.jpg,3
O-0-1.jpg,1
O-0-2.jpg,0
O-0-3.jpg,3
O-1-1.jpg,1
O-1-2.jpg,1
O-1-3.jpg,1
O-1-4.jpg,1
O-1-5.jpg,3
O-10-1.jpg,1
O-10-2.jpg,1
O-10-3.jpg,3
O-10-4.jpg,1
O-10-5.jpg,1
O-11-1.jpg,1
O-11-2.jpg,1
O-11-3.jpg,3
O-11-4.jpg,3
O-11-5.jpg,2
O-12-1.jpg,0
O-12-2.jpg,1
O-12-3.jpg,1
O-12-4.jpg,1
O-12-5.jpg,3
O-12-6.jpg,3
O-12-7.jpg,3
O-13-1.jpg,1
O-13-2.jpg,1
O-13-3.jpg,1
O-13-4.jpg,1
O-13-5.jpg,1
O-13-6.jpg,1
O-13-7.jpg,3
O-13-8.jpg,3
O-13-9.jpg,2
O-14-1.jpg,3
O-14-2.jpg,3
O-14-3.jpg,3
O-14-4.jpg,1
O-14-5.jpg,1
O-14-6.jpg,1
O-14-7.jpg,1
O-15-1.jpg,3
O-15-2.jpg,2
O-15-3.jpg,2
O-15-4.jpg,2
O-15-5.jpg,2
O-15-6.jpg,2
O-16-1.jpg,2
O-16-2.jpg,3
O-16-3.jpg,3
O-16-4.jpg,3
O-16-5.jpg,3
O-16-6.jpg,3
O-16-7.jpg,3
O-16-8.jpg,1
O-17-1.jpg,1
O-17-2.jpg,1
O-17-3.jpg,1
O-17-4.jpg,1
O-17-5.jpg,2
O-17-6.jpg,2
O-18-1.jpg,2
O-18-2.jpg,2
O-18-3.jpg,2
O-18-4.jpg,1
O-18-5.jpg,1
O-18-6.jpg,3
O-18-7.jpg,0
O-19-1.jpg,3
O-19-2.jpg,3
O-19-3.jpg,3
O-19-4.jpg,2
O-19-5.jpg,1
O-2-1.jpg,1
O-2-2.jpg,0
O-20-1.jpg,1
O-20-2.jpg,1
O-20-3.jpg,1
O-20-4.jpg,0
O-20-5.jpg,0
O-20-6.jpg,3
O-20-7.jpg,3
O-21-1.jpg,3
O-21-2.jpg,3
O-21-3.jpg,3
O-21-4.jpg,0
O-21-5.jpg,1
O-22-1.jpg,1
O-22-2.jpg,1
O-22-3.jpg,1
O-22-4.jpg,1
O-22-5.jpg,1
O-23-1.jpg,1
O-23-2.jpg,0
O-23-3.jpg,3
O-23-4.jpg,3
O-23-5.jpg,3
O-24-1.jpg,3
O-24-2.jpg,1
O-24-3.jpg,1
O-24-4.jpg,1
O-24-5.jpg,1
O-24-6.jpg,1
O-24-7.jpg,0
O-25-1.jpg,1
O-25-2.jpg,1
O-25-3.jpg,3
O-25-4.jpg,3
O-26-1.jpg,3
O-26-2.jpg,3
O-26-3.jpg,3
O-26-4.jpg,3
O-26-5.jpg,1
O-26-6.jpg,1
O-26-7.jpg,1
O-27-1.jpg,3
O-27-2.jpg,3
O-27-3.jpg,1
O-27-4.jpg,1
O-27-5.jpg,1
O-27-6.jpg,2
O-27-7.jpg,2
O-28-1.jpg,3
O-28-2.jpg,3
O-28-3.jpg,3
O-28-4.jpg,1
O-28-5.jpg,0
O-29-1.jpg,3
O-29-2.jpg,3
O-29-3.jpg,3
O-29-4.jpg,1
O-29-5.jpg,0
O-29-6.jpg,2
O-3-1.jpg,0
O-3-2.jpg,2
O-3-3.jpg,0
O-3-4.jpg,0
O-3-5.jpg,0
O-30-1.jpg,1
O-30-2.jpg,1
O-30-3.jpg,3
O-30-4.jpg,2
O-31-1.jpg,1
O-31-2.jpg,1
O-31-3.jpg,1
O-31-4.jpg,1
O-31-5.jpg,3
O-31-6.jpg,3
O-31-7.jpg,0
O-32-1.jpg,0
O-32-2.jpg,3
O-32-3.jpg,3
O-32-4.jpg,3
O-32-5.jpg,3
O-33-1.jpg,3
O-33-2.jpg,3
O-33-3.jpg,3
O-33-4.jpg,3
O-33-5.jpg,3
O-33-6.jpg,1
O-34-1.jpg,3
O-34-2.jpg,3
O-34-3.jpg,3
O-34-4.jpg,0
O-35-1.jpg,2
O-35-2.jpg,1
O-35-3.jpg,3
O-35-4.jpg,3
O-35-5.jpg,3
O-36-1.jpg,0
O-36-2.jpg,3
O-37-1.jpg,3
O-37-2.jpg,3
O-37-3.jpg,1
O-37-4.jpg,1
O-37-5.jpg,0
O-38-1.jpg,2
O-38-2.jpg,2
O-38-3.jpg,3
O-38-4.jpg,3
O-39-1.jpg,3
O-39-2.jpg,3
O-39-3.jpg,3
O-39-4.jpg,3
O-39-5.jpg,1
O-39-6.jpg,1
O-39-7.jpg,1
O-4-1.jpg,3
O-4-2.jpg,3
O-4-3.jpg,0
O-4-4.jpg,3
O-4-5.jpg,0
O-4-6.jpg,3
O-4-7.jpg,0
O-4-8.jpg,3
O-4-9.jpg,3
O-40-1.jpg,1
O-40-2.jpg,1
O-40-3.jpg,2
O-41-1.jpg,3
O-41-2.jpg,3
O-41-3.jpg,3
O-41-4.jpg,3
O-41-5.jpg,1
O-41-6.jpg,2
O-42-1.jpg,0
O-42-2.jpg,1
O-42-3.jpg,3
O-43-1.jpg,0
O-43-2.jpg,0
O-43-3.jpg,1
O-43-4.jpg,1
O-43-5.jpg,1
O-43-6.jpg,1
O-44-1.jpg,1
O-44-2.jpg,1
O-44-3.jpg,1
O-44-4.jpg,3
O-44-5.jpg,3
O-44-6.jpg,3
O-44-7.jpg,3
O-45-1.jpg,1
O-45-2.jpg,1
O-45-3.jpg,3
O-45-4.jpg,3
O-45-5.jpg,3
O-46-1.jpg,3
O-46-2.jpg,3
O-46-3.jpg,3
O-46-4.jpg,2
O-46-5.jpg,1
O-46-6.jpg,1
O-46-7.jpg,1
O-46-8.jpg,1
O-47-1.jpg,3
O-47-2.jpg,3
O-47-3.jpg,1
O-47-4.jpg,1
O-48-1.jpg,1
O-48-2.jpg,3
O-48-3.jpg,3
O-48-4.jpg,3
O-49-1.jpg,2
O-49-2.jpg,3
O-49-3.jpg,1
O-49-4.jpg,1
O-49-5.jpg,1
O-5-1.jpg,0
O-5-2.jpg,1
O-5-3.jpg,3
O-5-4.jpg,3
O-50-1.jpg,1
O-50-2.jpg,3
O-50-3.jpg,2
O-51-1.jpg,2
O-51-2.jpg,0
O-51-3.jpg,3
O-51-4.jpg,3
O-51-5.jpg,3
O-51-6.jpg,3
O-51-7.jpg,1
O-52-1.jpg,2
O-52-2.jpg,2
O-52-3.jpg,2
O-52-4.jpg,0
O-52-5.jpg,1
O-52-6.jpg,1
O-53-1.jpg,1
O-53-2.jpg,1
O-53-3.jpg,1
O-53-4.jpg,1
O-53-5.jpg,2
O-53-6.jpg,3
O-53-7.jpg,3
O-53-8.jpg,3
O-54-1.jpg,3
O-54-2.jpg,3
O-54-3.jpg,1
O-54-4.jpg,1
O-55-1.jpg,3
O-55-2.jpg,1
O-55-3.jpg,1
O-55-4.jpg,2
O-56-1.jpg,3
O-56-2.jpg,3
O-56-3.jpg,3
O-56-4.jpg,1
O-56-5.jpg,1
O-56-6.jpg,2
O-57-1.jpg,1
O-57-2.jpg,3
O-57-3.jpg,3
O-57-4.jpg,3
O-58-1.jpg,3
O-58-2.jpg,3
O-58-3.jpg,3
O-58-4.jpg,3
O-58-5.jpg,3
O-58-6.jpg,3
O-58-7.jpg,1
O-59-1.jpg,3
O-59-2.jpg,3
O-59-3.jpg,1
O-59-4.jpg,1
O-6-1.jpg,1
O-6-2.jpg,3
O-6-3.jpg,2
O-60-1.jpg,1
O-60-2.jpg,1
O-60-3.jpg,3
O-60-4.jpg,3
O-60-5.jpg,2
O-61-1.jpg,1
O-61-2.jpg,1
O-61-3.jpg,3
O-61-4.jpg,3
O-61-5.jpg,3
O-61-6.jpg,3
O-61-7.jpg,3
O-62-1.jpg,3
O-62-2.jpg,3
O-62-3.jpg,3
O-62-4.jpg,3
O-62-5.jpg,1
O-62-6.jpg,1
O-63-1.jpg,3
O-63-2.jpg,3
O-63-3.jpg,3
O-63-4.jpg,3
O-63-5.jpg,1
O-63-6.jpg,1
O-64-1.jpg,3
O-64-2.jpg,1
O-64-3.jpg,2
O-65-1.jpg,1
O-65-2.jpg,0
O-65-3.jpg,3
O-65-4.jpg,3
O-65-5.jpg,3
O-66-1.jpg,1
O-66-2.jpg,2
O-67-1.jpg,3
O-67-2.jpg,3
O-67-3.jpg,1
O-68-1.jpg,1
O-68-2.jpg,3
O-69-1.jpg,3
O-69-2.jpg,1
O-69-3.jpg,1
O-7-1.jpg,1
O-7-2.jpg,3
O-7-3.jpg,3
O-7-4.jpg,0
O-70-1.jpg,1
O-70-2.jpg,3
O-70-3.jpg,3
O-70-4.jpg,3
O-71-1.jpg,1
O-71-2.jpg,1
O-71-3.jpg,1
O-71-4.jpg,0
O-72-1.jpg,0
O-72-2.jpg,3
O-72-3.jpg,3
O-72-4.jpg,3
O-72-5.jpg,1
O-72-6.jpg,2
O-73-1.jpg,3
O-73-2.jpg,3
O-73-3.jpg,1
O-73-4.jpg,1
O-73-5.jpg,2
O-74-1.jpg,3
O-74-2.jpg,3
O-74-3.jpg,3
O-74-4.jpg,3
O-74-5.jpg,3
O-74-6.jpg,3
O-75-1.jpg,3
O-75-2.jpg,3
O-75-3.jpg,3
O-75-4.jpg,1
O-75-5.jpg,1
O-76-1.jpg,1
O-76-2.jpg,1
O-77-1.jpg,3
O-77-2.jpg,3
O-77-3.jpg,3
O-77-4.jpg,1
O-78-1.jpg,1
O-78-2.jpg,2
O-78-3.jpg,2
O-78-4.jpg,2
O-79-1.jpg,2
O-79-2.jpg,2
O-79-3.jpg,2
O-79-4.jpg,3
O-79-5.jpg,3
O-8-1.jpg,1
O-8-2.jpg,0
O-8-3.jpg,0
O-9-1.jpg,0
O-9-2.jpg,2